пол,возраст,путешествует_с_детьми,расстояние,включён_завтрак,наличие_wifi,оценка_удобства_добирания_до_места,оценка_интерсности_досуга,оценка_качества_питания,оценка_качества_wifi,оценка_комфортности_палатки,общая_оценка_качества_предоставленной_услуги
жен,47,да,1587,0,1,5,хорошо,плохо,плохо,отсутствует,плохо
муж,48,да,4781,0,1,3,плохо,хорошо,отсутствует,отсутствует,отсутствует
жен,31,нет,1806,0,0,4,отсутствует,плохо,отсутствует,хорошо,отсутствует
муж,43,нет,1836,0,1,1,отсутствует,отсутствует,плохо,отсутствует,плохо
жен,15,нет,2253,0,1,5,отсутствует,хорошо,плохо,отсутствует,хорошо
жен,13,да,4749,1,1,5,отсутствует,отсутствует,плохо,хорошо,плохо
муж,45,нет,1801,1,1,3,плохо,отсутствует,плохо,плохо,отсутствует
жен,28,да,1903,0,1,1,отсутствует,плохо,плохо,хорошо,плохо
муж,65,да,4897,1,1,2,отсутствует,отсутствует,плохо,хорошо,плохо
жен,76,нет,4371,0,1,5,плохо,отсутствует,хорошо,отсутствует,отсутствует
жен,46,нет,4341,0,0,3,отсутствует,хорошо,плохо,хорошо,плохо
жен,62,нет,1765,1,1,5,хорошо,хорошо,хорошо,плохо,плохо
муж,7,да,2421,0,0,4,плохо,хорошо,отсутствует,хорошо,плохо
муж,45,да,1351,1,0,5,плохо,хорошо,отсутствует,отсутствует,отсутствует
жен,48,нет,1345,1,0,3,плохо,хорошо,отсутствует,плохо,отсутствует
жен,31,да,2599,0,0,3,хорошо,плохо,отсутствует,хорошо,отсутствует
жен,59,да,193,1,0,4,отсутствует,плохо,плохо,отсутствует,хорошо
жен,26,нет,207,1,0,5,плохо,хорошо,хорошо,плохо,плохо
муж,25,нет,1477,0,0,2,плохо,хорошо,хорошо,хорошо,хорошо
муж,82,нет,3823,0,0,1,отсутствует,отсутствует,хорошо,плохо,плохо
жен,87,да,3697,1,1,3,хорошо,плохо,хорошо,хорошо,отсутствует
жен,53,нет,1992,1,0,3,хорошо,отсутствует,хорошо,плохо,хорошо
муж,19,нет,439,0,0,1,хорошо,хорошо,плохо,плохо,отсутствует
муж,71,да,4374,1,1,4,плохо,плохо,отсутствует,отсутствует,хорошо
муж,33,да,1857,1,0,2,хорошо,хорошо,плохо,плохо,хорошо
муж,10,да,2935,0,1,2,плохо,отсутствует,плохо,плохо,плохо
жен,22,да,2518,1,1,5,плохо,плохо,хорошо,плохо,хорошо
муж,3,нет,3364,1,0,5,отсутствует,отсутствует,плохо,отсутствует,хорошо
жен,48,нет,2382,0,0,4,отсутствует,хорошо,плохо,отсутствует,отсутствует
муж,47,нет,3011,1,1,3,плохо,плохо,хорошо,плохо,хорошо
жен,47,да,1370,0,0,3,отсутствует,плохо,хорошо,отсутствует,плохо
жен,79,да,4063,0,0,3,отсутствует,плохо,плохо,плохо,хорошо
муж,67,нет,3047,0,0,3,плохо,отсутствует,хорошо,плохо,отсутствует
жен,26,да,2884,1,0,5,отсутствует,плохо,отсутствует,отсутствует,отсутствует
жен,9,да,151,0,1,1,отсутствует,отсутствует,плохо,плохо,хорошо
жен,13,нет,3369,1,0,4,хорошо,плохо,хорошо,плохо,отсутствует
муж,61,да,4166,1,0,1,хорошо,хорошо,плохо,отсутствует,плохо
жен,57,да,934,0,0,4,хорошо,хорошо,хорошо,плохо,плохо
жен,61,нет,3304,1,0,2,плохо,отсутствует,хорошо,плохо,плохо
жен,79,да,2130,1,0,1,отсутствует,хорошо,хорошо,отсутствует,отсутствует
жен,3,да,543,0,0,3,отсутствует,плохо,отсутствует,отсутствует,отсутствует
жен,68,да,3697,1,0,2,хорошо,плохо,плохо,хорошо,плохо
муж,51,да,2452,1,0,3,хорошо,плохо,плохо,хорошо,хорошо
муж,40,да,2132,1,1,1,хорошо,плохо,плохо,хорошо,отсутствует
жен,71,да,237,1,1,2,отсутствует,отсутствует,плохо,плохо,плохо
муж,27,да,2219,0,1,3,плохо,плохо,хорошо,отсутствует,отсутствует
муж,2,нет,2298,0,1,2,отсутствует,хорошо,плохо,хорошо,отсутствует
муж,7,нет,1554,0,1,2,отсутствует,отсутствует,отсутствует,отсутствует,отсутствует
муж,35,нет,3507,0,0,4,отсутствует,плохо,отсутствует,отсутствует,плохо
жен,69,да,3730,1,1,5,плохо,плохо,плохо,хорошо,отсутствует
жен,51,да,2293,0,0,1,отсутствует,хорошо,отсутствует,хорошо,отсутствует
жен,56,да,2360,0,0,3,плохо,отсутствует,хорошо,отсутствует,хорошо
жен,3,да,2155,0,0,5,хорошо,отсутствует,плохо,отсутствует,отсутствует
жен,62,нет,4722,0,1,4,плохо,отсутствует,отсутствует,отсутствует,хорошо
жен,61,да,1108,0,1,4,хорошо,хорошо,отсутствует,хорошо,отсутствует
муж,63,нет,838,0,0,5,отсутствует,хорошо,плохо,хорошо,отсутствует
жен,38,да,4594,0,1,4,плохо,плохо,хорошо,хорошо,хорошо
муж,65,да,2215,0,0,4,хорошо,плохо,хорошо,отсутствует,хорошо
жен,7,нет,695,0,0,5,хорошо,отсутствует,хорошо,хорошо,отсутствует
жен,67,да,3791,0,0,1,плохо,хорошо,хорошо,хорошо,отсутствует
муж,1,нет,4748,0,1,4,хорошо,плохо,отсутствует,плохо,хорошо
жен,81,нет,3670,0,0,3,хорошо,плохо,хорошо,хорошо,отсутствует
жен,15,да,4483,0,1,1,хорошо,отсутствует,отсутствует,плохо,хорошо
жен,85,да,1024,0,0,1,хорошо,отсутствует,плохо,хорошо,отсутствует
муж,81,нет,1435,0,0,1,плохо,плохо,отсутствует,отсутствует,отсутствует
жен,38,да,4645,1,1,4,хорошо,хорошо,плохо,хорошо,отсутствует
муж,43,да,2559,0,0,4,плохо,хорошо,хорошо,отсутствует,плохо
жен,82,да,1012,1,0,2,хорошо,отсутствует,хорошо,плохо,хорошо
муж,73,нет,2622,1,1,4,хорошо,отсутствует,хорошо,хорошо,хорошо
муж,7,нет,2849,0,1,2,хорошо,отсутствует,отсутствует,хорошо,отсутствует
муж,3,нет,2316,0,1,4,отсутствует,хорошо,отсутствует,отсутствует,плохо
муж,86,да,3384,0,1,3,хорошо,отсутствует,отсутствует,хорошо,хорошо
жен,68,нет,3176,0,1,1,отсутствует,плохо,хорошо,плохо,плохо
жен,64,да,1871,1,0,4,плохо,хорошо,хорошо,хорошо,отсутствует
жен,61,да,528,1,1,1,хорошо,отсутствует,плохо,плохо,отсутствует
жен,16,да,104,0,0,5,плохо,отсутствует,плохо,плохо,плохо
муж,79,да,516,0,1,5,отсутствует,отсутствует,плохо,хорошо,отсутствует
муж,8,да,2984,1,1,2,отсутствует,отсутствует,плохо,хорошо,плохо
муж,81,нет,723,1,0,1,плохо,хорошо,плохо,отсутствует,хорошо
жен,11,нет,4903,0,0,1,хорошо,хорошо,плохо,хорошо,хорошо
жен,19,да,4582,0,0,3,хорошо,хорошо,хорошо,отсутствует,хорошо
муж,83,нет,3773,1,1,4,хорошо,плохо,хорошо,хорошо,отсутствует
жен,16,нет,284,1,1,3,плохо,отсутствует,хорошо,хорошо,плохо
жен,30,нет,4801,1,0,2,отсутствует,хорошо,хорошо,хорошо,отсутствует
жен,1,нет,2608,1,1,2,хорошо,хорошо,хорошо,плохо,отсутствует
муж,63,нет,246,1,0,1,плохо,плохо,отсутствует,отсутствует,хорошо
жен,58,да,2573,1,0,3,хорошо,хорошо,хорошо,хорошо,хорошо
жен,26,да,2381,0,1,3,хорошо,плохо,отсутствует,хорошо,хорошо
жен,73,нет,3320,0,1,4,плохо,отсутствует,отсутствует,отсутствует,плохо
муж,10,нет,4717,1,0,5,плохо,плохо,плохо,отсутствует,плохо
жен,39,да,680,1,1,3,отсутствует,отсутствует,отсутствует,отсутствует,хорошо
жен,2,да,3993,0,1,1,плохо,отсутствует,хорошо,хорошо,отсутствует
муж,52,да,909,1,1,5,хорошо,плохо,отсутствует,плохо,плохо
муж,10,да,3676,0,1,2,хорошо,отсутствует,плохо,отсутствует,хорошо
муж,13,нет,4413,0,1,3,хорошо,плохо,отсутствует,отсутствует,плохо
жен,55,нет,391,1,0,3,хорошо,хорошо,плохо,плохо,хорошо
жен,37,да,2922,1,1,4,хорошо,хорошо,плохо,плохо,отсутствует
муж,61,да,1954,0,1,3,отсутствует,хорошо,плохо,отсутствует,отсутствует
муж,90,нет,771,0,1,3,отсутствует,хорошо,отсутствует,отсутствует,хорошо
муж,75,да,3933,1,0,3,плохо,плохо,хорошо,отсутствует,отсутствует
жен,43,нет,4218,0,1,1,хорошо,отсутствует,отсутствует,отсутствует,плохо
муж,88,нет,2644,1,0,1,отсутствует,хорошо,плохо,отсутствует,хорошо
муж,46,да,4346,0,1,4,хорошо,отсутствует,отсутствует,хорошо,отсутствует
жен,7,нет,2476,0,1,4,хорошо,хорошо,плохо,отсутствует,плохо
жен,48,нет,184,1,1,1,отсутствует,плохо,хорошо,отсутствует,отсутствует
муж,34,нет,4679,0,0,1,отсутствует,отсутствует,отсутствует,отсутствует,отсутствует
муж,59,да,1939,0,0,4,отсутствует,плохо,плохо,плохо,отсутствует
муж,35,да,1403,0,1,4,отсутствует,плохо,хорошо,отсутствует,хорошо
жен,64,нет,2757,1,0,2,отсутствует,плохо,плохо,отсутствует,плохо
муж,11,да,2637,0,0,5,хорошо,плохо,хорошо,плохо,плохо
жен,50,нет,2305,1,1,4,плохо,плохо,плохо,плохо,хорошо
жен,87,нет,1908,1,0,3,отсутствует,отсутствует,хорошо,плохо,хорошо
жен,2,да,1230,0,1,3,плохо,плохо,хорошо,отсутствует,плохо
жен,58,нет,1325,0,1,5,хорошо,отсутствует,плохо,плохо,хорошо
жен,81,нет,4985,1,1,2,хорошо,хорошо,отсутствует,хорошо,плохо
жен,47,да,3904,1,1,3,отсутствует,плохо,плохо,отсутствует,отсутствует
муж,60,нет,1098,0,1,2,отсутствует,хорошо,отсутствует,плохо,хорошо
жен,24,нет,4248,1,1,4,хорошо,плохо,плохо,плохо,хорошо
муж,45,нет,3781,1,1,4,отсутствует,хорошо,отсутствует,хорошо,плохо
муж,81,да,621,0,0,5,отсутствует,отсутствует,плохо,плохо,отсутствует
муж,48,да,1551,1,1,3,хорошо,отсутствует,отсутствует,плохо,плохо
муж,53,да,1870,0,1,5,плохо,хорошо,хорошо,отсутствует,плохо
жен,1,да,2612,0,1,2,хорошо,плохо,отсутствует,хорошо,отсутствует
муж,6,нет,1666,0,1,5,хорошо,отсутствует,плохо,отсутствует,плохо
муж,24,нет,3412,0,1,3,хорошо,отсутствует,отсутствует,отсутствует,плохо
муж,5,нет,126,1,0,3,хорошо,плохо,хорошо,хорошо,отсутствует
жен,42,да,243,1,1,3,отсутствует,плохо,отсутствует,хорошо,плохо
жен,12,да,1038,1,1,2,плохо,хорошо,плохо,плохо,хорошо
жен,47,да,4649,1,1,5,плохо,плохо,хорошо,отсутствует,плохо
муж,69,нет,2082,1,0,1,отсутствует,плохо,плохо,плохо,хорошо
жен,54,да,3712,1,1,1,плохо,отсутствует,плохо,отсутствует,хорошо
муж,89,да,2415,1,0,3,отсутствует,отсутствует,плохо,хорошо,отсутствует
жен,7,нет,1825,0,1,2,хорошо,хорошо,плохо,отсутствует,хорошо
жен,51,да,4046,1,0,1,плохо,плохо,хорошо,плохо,хорошо
жен,70,да,2201,1,1,2,хорошо,отсутствует,плохо,отсутствует,плохо
жен,78,да,4886,1,1,2,отсутствует,отсутствует,отсутствует,отсутствует,хорошо
жен,30,да,2875,0,1,3,хорошо,плохо,отсутствует,хорошо,плохо
муж,60,да,3154,0,0,4,хорошо,отсутствует,плохо,плохо,хорошо
муж,85,нет,4130,1,1,1,отсутствует,отсутствует,хорошо,плохо,плохо
муж,43,нет,2766,0,0,2,хорошо,отсутствует,отсутствует,отсутствует,хорошо
жен,6,нет,807,1,1,1,плохо,отсутствует,хорошо,плохо,плохо
жен,9,нет,3209,0,1,3,отсутствует,плохо,хорошо,плохо,плохо
муж,35,да,2685,0,0,4,плохо,плохо,хорошо,отсутствует,хорошо
жен,46,да,4246,0,1,3,хорошо,плохо,плохо,хорошо,плохо
муж,41,нет,2775,1,1,1,плохо,отсутствует,хорошо,плохо,хорошо
жен,40,да,4457,0,0,2,плохо,плохо,отсутствует,плохо,хорошо
жен,68,нет,4685,1,1,2,хорошо,плохо,плохо,хорошо,отсутствует
муж,49,да,2319,0,0,2,плохо,отсутствует,хорошо,хорошо,отсутствует
муж,74,нет,734,0,0,1,плохо,хорошо,отсутствует,плохо,отсутствует
жен,55,нет,740,1,1,2,отсутствует,хорошо,хорошо,хорошо,хорошо
жен,70,да,666,0,1,1,плохо,отсутствует,плохо,хорошо,отсутствует
муж,90,нет,3992,0,0,4,хорошо,плохо,плохо,хорошо,плохо
муж,89,нет,3692,0,0,4,плохо,плохо,хорошо,хорошо,отсутствует
муж,34,нет,1134,1,0,2,отсутствует,хорошо,хорошо,отсутствует,отсутствует
жен,38,да,2943,1,0,5,хорошо,хорошо,плохо,хорошо,отсутствует
муж,37,нет,2290,0,1,3,отсутствует,плохо,плохо,отсутствует,плохо
муж,36,да,5000,1,0,4,хорошо,отсутствует,отсутствует,плохо,отсутствует
жен,8,да,3922,0,1,3,хорошо,отсутствует,хорошо,отсутствует,отсутствует
жен,14,нет,1514,0,1,2,отсутствует,отсутствует,отсутствует,плохо,плохо
муж,45,нет,1382,0,0,5,хорошо,отсутствует,отсутствует,плохо,плохо
муж,63,да,1929,0,0,4,хорошо,хорошо,плохо,хорошо,отсутствует
жен,19,да,3186,0,0,1,плохо,отсутствует,отсутствует,хорошо,хорошо
жен,24,да,4739,1,1,5,плохо,отсутствует,плохо,плохо,плохо
жен,35,нет,4766,1,0,5,отсутствует,хорошо,отсутствует,хорошо,хорошо
жен,37,нет,425,1,1,5,отсутствует,хорошо,отсутствует,плохо,отсутствует
жен,89,да,4462,1,1,5,хорошо,хорошо,хорошо,хорошо,отсутствует
жен,58,нет,4876,1,1,1,плохо,плохо,плохо,плохо,плохо
жен,14,да,4654,0,0,1,отсутствует,плохо,плохо,отсутствует,отсутствует
жен,40,да,3216,1,0,5,хорошо,плохо,отсутствует,плохо,хорошо
жен,40,да,1998,0,0,5,отсутствует,отсутствует,плохо,отсутствует,отсутствует
муж,33,да,2236,0,0,1,хорошо,хорошо,плохо,отсутствует,хорошо
жен,64,нет,2262,1,0,4,отсутствует,хорошо,плохо,отсутствует,плохо
жен,34,нет,3151,0,0,3,хорошо,хорошо,отсутствует,отсутствует,плохо
муж,29,да,4056,0,0,1,хорошо,отсутствует,плохо,плохо,хорошо
муж,45,нет,1091,1,1,5,хорошо,плохо,плохо,хорошо,хорошо
жен,37,да,1661,1,0,5,отсутствует,отсутствует,хорошо,плохо,отсутствует
муж,67,нет,3776,1,0,4,плохо,отсутствует,плохо,отсутствует,отсутствует
жен,25,да,3671,0,1,3,отсутствует,отсутствует,хорошо,отсутствует,хорошо
муж,5,нет,1962,0,0,1,плохо,плохо,хорошо,плохо,отсутствует
муж,28,нет,275,0,0,5,плохо,отсутствует,плохо,отсутствует,хорошо
жен,27,да,1885,0,1,4,хорошо,отсутствует,отсутствует,плохо,плохо
жен,37,да,584,1,0,5,хорошо,плохо,плохо,плохо,отсутствует
жен,63,да,939,1,1,5,хорошо,хорошо,хорошо,хорошо,хорошо
жен,5,нет,4952,0,1,3,отсутствует,плохо,отсутствует,плохо,отсутствует
жен,17,нет,3847,1,0,3,плохо,хорошо,хорошо,плохо,плохо
жен,83,да,3460,1,0,1,хорошо,хорошо,хорошо,хорошо,хорошо
жен,42,нет,3670,1,0,1,отсутствует,хорошо,хорошо,отсутствует,плохо
жен,76,да,2345,1,0,4,отсутствует,хорошо,хорошо,плохо,плохо
жен,83,да,1678,0,1,1,отсутствует,отсутствует,плохо,отсутствует,отсутствует
жен,77,нет,4176,1,1,5,плохо,плохо,хорошо,хорошо,отсутствует
муж,63,да,2007,0,0,3,плохо,хорошо,отсутствует,плохо,хорошо
муж,19,да,729,0,0,5,отсутствует,отсутствует,хорошо,хорошо,хорошо
муж,59,нет,4682,0,0,5,плохо,плохо,плохо,плохо,хорошо
муж,59,нет,541,1,1,3,плохо,хорошо,отсутствует,плохо,отсутствует
жен,5,да,547,1,1,3,хорошо,плохо,отсутствует,хорошо,плохо
муж,13,нет,4217,1,0,5,плохо,плохо,плохо,отсутствует,хорошо
жен,62,нет,2715,0,0,1,хорошо,отсутствует,плохо,отсутствует,хорошо
муж,19,да,3304,0,0,3,плохо,плохо,плохо,отсутствует,отсутствует
муж,52,нет,2308,1,1,5,хорошо,хорошо,плохо,плохо,плохо
жен,73,нет,1990,1,1,5,отсутствует,отсутствует,плохо,хорошо,плохо
жен,55,да,3467,1,0,2,отсутствует,отсутствует,хорошо,хорошо,хорошо
жен,31,да,2951,1,0,1,отсутствует,хорошо,отсутствует,отсутствует,плохо
муж,32,да,4341,1,1,3,хорошо,хорошо,плохо,отсутствует,плохо
жен,88,да,1465,0,1,4,хорошо,плохо,отсутствует,хорошо,плохо
муж,76,нет,2005,0,0,1,отсутствует,хорошо,отсутствует,отсутствует,хорошо
жен,80,нет,182,1,0,2,хорошо,хорошо,плохо,плохо,плохо
жен,45,да,4782,1,0,1,хорошо,плохо,хорошо,плохо,отсутствует
жен,52,нет,1953,0,1,4,хорошо,плохо,плохо,плохо,хорошо
жен,32,да,4002,0,0,3,плохо,отсутствует,отсутствует,плохо,хорошо
жен,90,нет,4635,1,1,2,плохо,хорошо,хорошо,отсутствует,отсутствует
жен,61,нет,2704,0,0,5,плохо,отсутствует,хорошо,отсутствует,хорошо
муж,59,нет,2442,1,1,1,плохо,отсутствует,отсутствует,плохо,хорошо
муж,29,да,1955,0,0,1,плохо,плохо,хорошо,хорошо,отсутствует
жен,3,да,1637,1,0,2,отсутствует,хорошо,отсутствует,хорошо,хорошо
муж,82,да,831,1,1,3,хорошо,плохо,хорошо,хорошо,отсутствует
жен,39,да,1038,0,0,3,хорошо,плохо,отсутствует,хорошо,плохо
жен,18,нет,1569,0,1,3,отсутствует,отсутствует,отсутствует,хорошо,хорошо
муж,21,нет,1995,0,1,2,отсутствует,плохо,отсутствует,хорошо,хорошо
жен,56,да,2626,0,0,4,плохо,плохо,хорошо,хорошо,хорошо
жен,60,нет,962,1,1,5,плохо,плохо,отсутствует,отсутствует,хорошо
жен,5,нет,4837,0,0,1,хорошо,плохо,плохо,хорошо,отсутствует
жен,87,нет,233,1,1,2,хорошо,плохо,плохо,хорошо,хорошо
муж,54,нет,2053,1,1,2,плохо,плохо,хорошо,плохо,отсутствует
жен,44,да,749,1,0,1,хорошо,плохо,хорошо,плохо,отсутствует
жен,80,нет,423,0,1,1,хорошо,хорошо,хорошо,отсутствует,хорошо
муж,69,да,4175,1,1,2,хорошо,плохо,хорошо,отсутствует,отсутствует
жен,2,нет,373,0,1,5,плохо,плохо,хорошо,плохо,плохо
муж,48,да,2239,0,1,1,хорошо,хорошо,отсутствует,отсутствует,отсутствует
жен,37,да,1995,0,1,3,плохо,отсутствует,отсутствует,отсутствует,плохо
муж,73,да,2404,1,1,2,плохо,хорошо,хорошо,плохо,плохо
жен,8,нет,2233,1,0,3,плохо,плохо,хорошо,отсутствует,отсутствует
муж,85,да,1884,1,0,3,плохо,хорошо,плохо,плохо,хорошо
муж,68,нет,3486,0,1,1,хорошо,плохо,плохо,отсутствует,отсутствует
жен,25,нет,469,1,1,1,плохо,отсутствует,плохо,отсутствует,плохо
жен,85,нет,3763,0,0,1,отсутствует,плохо,хорошо,плохо,отсутствует
жен,21,нет,4458,1,0,2,плохо,плохо,отсутствует,отсутствует,хорошо
муж,45,нет,1724,0,1,5,отсутствует,отсутствует,отсутствует,плохо,плохо
муж,12,да,4426,0,0,1,хорошо,отсутствует,плохо,хорошо,плохо
жен,44,да,2863,1,0,4,отсутствует,хорошо,отсутствует,плохо,отсутствует
муж,48,нет,4436,1,0,4,отсутствует,отсутствует,хорошо,плохо,отсутствует
жен,31,нет,1983,0,0,2,хорошо,хорошо,отсутствует,хорошо,хорошо
муж,21,да,2935,0,1,2,хорошо,отсутствует,отсутствует,плохо,хорошо
муж,36,нет,4183,0,1,5,хорошо,хорошо,отсутствует,плохо,плохо
муж,75,да,164,1,0,4,хорошо,хорошо,хорошо,плохо,хорошо
муж,13,да,2049,0,0,3,плохо,отсутствует,плохо,плохо,отсутствует
муж,5,нет,722,1,1,1,хорошо,хорошо,отсутствует,отсутствует,плохо
жен,62,да,4205,1,1,3,хорошо,плохо,отсутствует,плохо,плохо
муж,34,да,1471,1,0,5,плохо,плохо,отсутствует,плохо,хорошо
муж,25,да,3596,0,0,1,отсутствует,хорошо,отсутствует,хорошо,плохо
жен,26,да,3712,0,0,5,плохо,хорошо,хорошо,плохо,хорошо
муж,16,нет,1789,0,1,1,плохо,отсутствует,плохо,хорошо,хорошо
муж,43,нет,2979,0,0,5,плохо,плохо,хорошо,хорошо,отсутствует
жен,84,да,1411,0,1,1,хорошо,отсутствует,плохо,плохо,хорошо
муж,34,нет,4609,0,1,4,хорошо,хорошо,плохо,хорошо,хорошо
жен,12,да,1948,1,0,2,отсутствует,плохо,хорошо,хорошо,плохо
муж,34,да,3666,1,0,5,хорошо,плохо,отсутствует,отсутствует,отсутствует
жен,66,нет,2354,1,0,1,отсутствует,хорошо,плохо,отсутствует,плохо
муж,45,да,2570,0,1,1,плохо,хорошо,плохо,хорошо,плохо
муж,24,нет,1886,0,1,4,плохо,хорошо,отсутствует,плохо,плохо
жен,20,да,4546,1,0,3,плохо,отсутствует,хорошо,хорошо,плохо
жен,73,нет,4645,1,0,5,плохо,отсутствует,плохо,хорошо,плохо
жен,29,нет,587,1,0,3,хорошо,отсутствует,хорошо,хорошо,хорошо
муж,47,нет,1502,1,0,5,плохо,отсутствует,плохо,отсутствует,отсутствует
муж,23,да,1086,0,1,1,плохо,отсутствует,хорошо,плохо,плохо
жен,55,да,201,0,0,3,плохо,отсутствует,отсутствует,хорошо,плохо
жен,78,нет,1024,0,0,3,плохо,плохо,плохо,отсутствует,плохо
муж,13,нет,1408,0,1,3,хорошо,хорошо,плохо,плохо,плохо
муж,90,да,3282,1,1,3,плохо,отсутствует,хорошо,плохо,хорошо
жен,52,нет,4652,0,0,5,плохо,отсутствует,отсутствует,хорошо,отсутствует
муж,80,нет,2908,0,1,5,отсутствует,отсутствует,отсутствует,плохо,отсутствует
муж,89,нет,209,0,1,5,хорошо,плохо,хорошо,отсутствует,плохо
муж,85,нет,3030,0,1,2,хорошо,отсутствует,отсутствует,отсутствует,плохо
жен,78,нет,2836,0,0,1,отсутствует,отсутствует,плохо,плохо,хорошо
жен,84,да,4057,0,1,4,отсутствует,плохо,хорошо,плохо,плохо
муж,15,нет,1624,1,1,2,отсутствует,плохо,отсутствует,хорошо,плохо
муж,7,да,4687,0,1,1,плохо,плохо,хорошо,хорошо,хорошо
муж,79,да,801,0,0,5,плохо,плохо,хорошо,хорошо,отсутствует
муж,27,да,4021,1,0,4,хорошо,плохо,отсутствует,плохо,хорошо
жен,44,нет,1150,0,0,4,плохо,плохо,плохо,плохо,плохо
муж,57,да,4313,1,1,4,плохо,хорошо,плохо,отсутствует,хорошо
муж,37,нет,2083,1,0,2,хорошо,плохо,плохо,хорошо,хорошо
муж,16,нет,4579,0,0,3,плохо,плохо,плохо,отсутствует,плохо
муж,27,нет,2391,0,1,3,хорошо,отсутствует,плохо,плохо,плохо
жен,41,нет,3654,1,1,2,отсутствует,хорошо,хорошо,хорошо,плохо
муж,23,да,2996,0,1,5,хорошо,хорошо,плохо,плохо,плохо
жен,3,нет,864,0,1,3,отсутствует,хорошо,плохо,плохо,плохо
жен,6,да,4304,1,0,2,отсутствует,отсутствует,плохо,плохо,отсутствует
жен,30,да,1925,0,1,4,плохо,отсутствует,плохо,хорошо,отсутствует
муж,37,нет,3673,0,1,4,плохо,хорошо,хорошо,отсутствует,отсутствует
муж,20,да,1512,1,1,3,плохо,хорошо,отсутствует,плохо,хорошо
жен,22,да,4774,1,0,1,плохо,отсутствует,хорошо,хорошо,хорошо
муж,58,нет,4971,0,1,4,отсутствует,отсутствует,хорошо,хорошо,плохо
жен,52,да,3258,1,0,3,отсутствует,хорошо,отсутствует,отсутствует,плохо
муж,80,нет,4438,0,1,4,отсутствует,хорошо,хорошо,отсутствует,плохо
жен,51,да,2821,0,1,2,отсутствует,отсутствует,хорошо,хорошо,отсутствует
муж,13,нет,3853,0,1,4,отсутствует,плохо,отсутствует,отсутствует,хорошо
муж,72,да,1914,1,0,1,хорошо,хорошо,отсутствует,хорошо,плохо
муж,10,да,4135,0,1,5,отсутствует,хорошо,хорошо,хорошо,хорошо
муж,60,да,1391,0,0,5,хорошо,отсутствует,плохо,отсутствует,отсутствует
жен,26,нет,3671,1,1,3,отсутствует,плохо,плохо,отсутствует,отсутствует
муж,6,да,3479,1,1,4,хорошо,хорошо,отсутствует,хорошо,хорошо
жен,12,нет,4385,1,0,2,отсутствует,плохо,хорошо,отсутствует,отсутствует
жен,24,нет,1144,1,0,5,плохо,плохо,хорошо,отсутствует,плохо
жен,26,нет,4106,1,1,5,отсутствует,хорошо,плохо,плохо,хорошо
жен,37,да,3076,0,1,2,отсутствует,плохо,плохо,отсутствует,отсутствует
жен,40,нет,3066,0,1,2,хорошо,отсутствует,хорошо,хорошо,плохо
муж,54,нет,1459,0,1,2,отсутствует,плохо,хорошо,плохо,хорошо
муж,73,да,1166,1,0,3,отсутствует,отсутствует,плохо,плохо,хорошо
муж,71,нет,3957,1,0,3,плохо,плохо,хорошо,хорошо,плохо
жен,56,да,216,1,1,3,отсутствует,хорошо,хорошо,плохо,отсутствует
муж,60,да,3094,0,0,2,отсутствует,отсутствует,плохо,отсутствует,отсутствует
муж,86,да,1362,0,0,3,плохо,хорошо,отсутствует,плохо,плохо
жен,32,да,2355,1,0,3,хорошо,плохо,отсутствует,отсутствует,отсутствует
муж,16,да,4666,1,1,4,плохо,отсутствует,хорошо,плохо,хорошо
жен,29,да,3665,0,0,2,плохо,плохо,отсутствует,хорошо,плохо
муж,14,да,1428,1,0,2,хорошо,отсутствует,хорошо,отсутствует,отсутствует
жен,27,да,3232,0,1,4,отсутствует,отсутствует,отсутствует,плохо,отсутствует
жен,17,да,4422,0,1,5,отсутствует,хорошо,плохо,отсутствует,отсутствует
муж,46,нет,4797,1,0,3,отсутствует,отсутствует,плохо,плохо,отсутствует
жен,7,нет,3317,1,0,1,отсутствует,хорошо,плохо,отсутствует,хорошо
муж,19,да,3590,0,1,2,плохо,отсутствует,хорошо,отсутствует,плохо
муж,53,да,3215,0,1,4,хорошо,хорошо,хорошо,плохо,плохо
муж,29,нет,3640,1,0,5,хорошо,отсутствует,отсутствует,плохо,плохо
муж,50,да,4207,1,0,4,отсутствует,отсутствует,плохо,хорошо,плохо
муж,22,да,3112,1,0,2,хорошо,отсутствует,отсутствует,плохо,хорошо
муж,45,нет,1357,1,1,3,хорошо,плохо,отсутствует,хорошо,отсутствует
жен,8,нет,1881,1,1,1,хорошо,хорошо,плохо,плохо,плохо
жен,15,нет,332,0,1,5,отсутствует,отсутствует,хорошо,плохо,хорошо
жен,44,да,1762,0,0,4,хорошо,плохо,хорошо,хорошо,плохо
жен,11,да,3709,0,1,2,хорошо,плохо,плохо,отсутствует,хорошо
жен,49,да,3920,1,1,4,отсутствует,хорошо,отсутствует,отсутствует,плохо
муж,9,нет,670,1,1,3,отсутствует,отсутствует,отсутствует,отсутствует,хорошо
муж,35,нет,1842,0,0,5,хорошо,отсутствует,отсутствует,плохо,хорошо
муж,30,нет,2082,0,1,4,отсутствует,отсутствует,хорошо,хорошо,плохо
жен,13,да,299,1,1,5,отсутствует,хорошо,плохо,отсутствует,плохо
муж,68,да,3433,1,0,5,отсутствует,плохо,плохо,плохо,хорошо
жен,38,да,1194,1,1,4,хорошо,отсутствует,плохо,отсутствует,плохо
жен,15,нет,2446,1,0,3,отсутствует,отсутствует,плохо,хорошо,хорошо
муж,42,нет,341,1,1,3,отсутствует,хорошо,плохо,хорошо,хорошо
муж,31,да,3780,0,1,3,плохо,плохо,отсутствует,отсутствует,хорошо
жен,57,да,1852,1,0,4,хорошо,плохо,отсутствует,плохо,плохо
жен,43,да,4908,1,0,4,хорошо,хорошо,отсутствует,отсутствует,хорошо
муж,57,да,245,1,1,2,плохо,хорошо,плохо,плохо,отсутствует
муж,36,нет,440,0,0,2,отсутствует,отсутствует,отсутствует,отсутствует,отсутствует
муж,50,да,599,0,1,4,хорошо,плохо,плохо,отсутствует,отсутствует
муж,8,да,4557,1,1,5,хорошо,отсутствует,плохо,отсутствует,плохо
жен,23,да,4339,0,1,2,отсутствует,плохо,плохо,плохо,хорошо
муж,3,да,4576,1,0,2,плохо,плохо,плохо,отсутствует,плохо
жен,87,нет,4712,1,1,2,хорошо,отсутствует,отсутствует,отсутствует,хорошо
жен,85,нет,3733,0,0,2,плохо,плохо,отсутствует,отсутствует,хорошо
муж,10,да,2843,1,0,5,отсутствует,отсутствует,плохо,отсутствует,хорошо
жен,16,да,3787,1,1,4,хорошо,отсутствует,плохо,отсутствует,отсутствует
жен,23,да,789,0,1,1,хорошо,отсутствует,хорошо,хорошо,хорошо
муж,42,да,2541,1,0,2,отсутствует,плохо,хорошо,хорошо,отсутствует
муж,49,да,1269,1,0,3,хорошо,отсутствует,отсутствует,отсутствует,отсутствует
жен,70,нет,4615,0,1,4,плохо,хорошо,хорошо,плохо,плохо
жен,41,да,1673,0,1,2,хорошо,плохо,хорошо,плохо,плохо
муж,56,нет,2264,0,1,5,хорошо,хорошо,отсутствует,плохо,отсутствует
муж,68,нет,2501,0,0,1,плохо,хорошо,отсутствует,плохо,плохо
жен,25,нет,2704,0,0,2,плохо,отсутствует,хорошо,хорошо,отсутствует
жен,86,да,1005,0,1,3,отсутствует,хорошо,плохо,отсутствует,плохо
муж,83,да,2009,0,1,5,отсутствует,хорошо,хорошо,хорошо,отсутствует
жен,43,да,1284,1,1,5,отсутствует,хорошо,хорошо,хорошо,хорошо
жен,67,нет,1393,0,0,4,хорошо,хорошо,хорошо,хорошо,плохо
муж,71,да,4377,1,1,2,плохо,плохо,хорошо,плохо,плохо
жен,11,да,3044,1,0,4,хорошо,отсутствует,отсутствует,хорошо,хорошо
муж,37,да,4604,0,1,2,хорошо,плохо,хорошо,хорошо,отсутствует
муж,57,да,4045,1,1,2,отсутствует,отсутствует,плохо,хорошо,плохо
муж,70,да,928,1,1,1,плохо,плохо,отсутствует,отсутствует,плохо
жен,28,да,1134,1,0,2,хорошо,хорошо,хорошо,отсутствует,отсутствует
муж,55,да,3867,0,0,3,хорошо,плохо,отсутствует,отсутствует,плохо
муж,53,да,1717,0,0,1,отсутствует,отсутствует,плохо,отсутствует,плохо
муж,46,да,458,1,1,4,хорошо,хорошо,отсутствует,хорошо,отсутствует
муж,61,да,4158,0,1,4,отсутствует,хорошо,хорошо,хорошо,хорошо
жен,15,да,649,0,1,4,плохо,отсутствует,хорошо,плохо,хорошо
жен,3,да,1964,1,1,1,плохо,хорошо,хорошо,отсутствует,плохо
муж,18,да,3417,0,1,3,отсутствует,хорошо,плохо,хорошо,хорошо
муж,37,нет,3651,0,1,5,плохо,плохо,плохо,плохо,хорошо
муж,28,да,702,1,0,3,хорошо,плохо,отсутствует,отсутствует,хорошо
жен,85,да,126,0,0,4,отсутствует,хорошо,хорошо,плохо,отсутствует
жен,40,да,2192,0,1,3,отсутствует,отсутствует,отсутствует,плохо,хорошо
жен,36,да,113,0,0,3,плохо,хорошо,отсутствует,плохо,отсутствует
муж,22,да,882,0,0,2,плохо,отсутствует,хорошо,плохо,плохо
муж,61,нет,922,0,1,5,хорошо,отсутствует,отсутствует,хорошо,отсутствует
муж,47,нет,4348,0,0,2,отсутствует,хорошо,хорошо,плохо,отсутствует
муж,67,да,4668,0,1,4,хорошо,отсутствует,хорошо,плохо,отсутствует
муж,59,нет,3483,1,1,3,плохо,хорошо,отсутствует,хорошо,отсутствует
муж,59,нет,4249,0,1,3,плохо,хорошо,плохо,плохо,плохо
жен,71,да,2471,0,1,4,отсутствует,хорошо,хорошо,отсутствует,отсутствует
муж,44,нет,3888,1,0,3,плохо,отсутствует,отсутствует,хорошо,плохо
жен,66,да,1971,0,1,1,плохо,хорошо,плохо,плохо,хорошо
жен,33,да,2811,1,0,3,хорошо,отсутствует,отсутствует,хорошо,хорошо
жен,59,нет,4914,1,0,5,отсутствует,хорошо,отсутствует,отсутствует,хорошо
муж,18,нет,3564,0,0,5,хорошо,хорошо,отсутствует,плохо,хорошо
муж,17,нет,4010,1,1,4,хорошо,плохо,плохо,хорошо,отсутствует
муж,5,да,4943,0,0,4,хорошо,отсутствует,плохо,хорошо,отсутствует
жен,66,да,3271,0,1,2,плохо,отсутствует,хорошо,отсутствует,хорошо
жен,55,да,472,0,0,2,отсутствует,плохо,отсутствует,хорошо,хорошо
муж,22,нет,2853,1,1,5,хорошо,плохо,плохо,отсутствует,плохо
жен,74,нет,2979,0,0,1,плохо,отсутствует,плохо,хорошо,отсутствует
муж,6,да,1649,1,0,2,плохо,плохо,отсутствует,хорошо,плохо
жен,82,да,3663,0,1,2,отсутствует,хорошо,хорошо,плохо,хорошо
жен,6,нет,2827,1,1,1,отсутствует,хорошо,отсутствует,плохо,хорошо
муж,7,да,4281,1,0,4,отсутствует,отсутствует,хорошо,отсутствует,хорошо
муж,73,да,1817,1,1,1,хорошо,отсутствует,отсутствует,хорошо,отсутствует
жен,46,да,1963,1,1,2,плохо,плохо,отсутствует,отсутствует,плохо
муж,14,нет,3479,0,0,3,хорошо,отсутствует,отсутствует,хорошо,плохо
жен,6,нет,3889,1,0,3,плохо,плохо,отсутствует,отсутствует,отсутствует
муж,70,нет,3816,0,1,1,плохо,отсутствует,плохо,плохо,хорошо
муж,36,нет,4511,1,1,2,плохо,плохо,хорошо,отсутствует,хорошо
жен,76,да,3467,1,0,3,плохо,отсутствует,хорошо,хорошо,плохо
жен,14,да,4374,0,0,2,хорошо,хорошо,хорошо,плохо,плохо
жен,28,нет,4480,1,1,4,отсутствует,хорошо,плохо,хорошо,хорошо
муж,48,да,4854,1,1,5,плохо,хорошо,хорошо,отсутствует,отсутствует
муж,55,нет,3964,0,1,2,отсутствует,хорошо,хорошо,отсутствует,хорошо
муж,27,нет,2198,0,1,5,отсутствует,хорошо,плохо,хорошо,плохо
жен,7,да,1438,0,0,3,отсутствует,плохо,хорошо,хорошо,хорошо
муж,8,нет,4634,1,0,1,плохо,отсутствует,отсутствует,хорошо,отсутствует
жен,80,нет,3945,0,1,4,отсутствует,хорошо,плохо,хорошо,отсутствует
жен,39,да,2420,1,1,1,хорошо,отсутствует,плохо,отсутствует,хорошо
муж,66,да,1386,0,0,3,плохо,плохо,отсутствует,хорошо,хорошо
муж,23,нет,3941,0,0,5,хорошо,плохо,хорошо,хорошо,хорошо
муж,67,нет,211,0,1,5,отсутствует,плохо,хорошо,плохо,отсутствует
муж,60,да,2829,0,1,1,плохо,хорошо,отсутствует,плохо,хорошо
жен,55,да,1444,1,1,5,хорошо,хорошо,отсутствует,отсутствует,отсутствует
муж,38,да,4129,1,0,3,плохо,хорошо,отсутствует,хорошо,хорошо
муж,66,нет,3192,0,0,1,отсутствует,отсутствует,отсутствует,хорошо,хорошо
жен,81,нет,3719,0,1,3,отсутствует,отсутствует,плохо,хорошо,хорошо
жен,60,да,2548,1,1,1,отсутствует,хорошо,хорошо,хорошо,плохо
муж,29,да,4106,0,0,5,отсутствует,плохо,отсутствует,хорошо,отсутствует
муж,60,да,1767,1,0,2,плохо,плохо,плохо,плохо,плохо
муж,58,нет,4091,1,0,1,хорошо,хорошо,плохо,плохо,плохо
жен,46,да,1499,0,0,4,отсутствует,плохо,отсутствует,отсутствует,хорошо
муж,26,да,2155,0,1,3,хорошо,отсутствует,отсутствует,хорошо,отсутствует
муж,41,да,1444,1,1,2,плохо,хорошо,хорошо,отсутствует,плохо
жен,12,да,846,1,1,1,отсутствует,плохо,отсутствует,отсутствует,хорошо
муж,27,да,1564,1,1,1,отсутствует,хорошо,плохо,хорошо,плохо
муж,21,да,2087,0,1,1,плохо,хорошо,отсутствует,отсутствует,хорошо
жен,81,нет,261,1,1,5,плохо,отсутствует,отсутствует,отсутствует,отсутствует
жен,58,нет,522,0,1,2,плохо,хорошо,отсутствует,отсутствует,отсутствует
жен,12,да,1523,1,0,3,плохо,плохо,отсутствует,отсутствует,плохо
муж,50,да,3346,1,1,5,хорошо,плохо,плохо,хорошо,хорошо
жен,82,да,2150,0,0,1,хорошо,хорошо,плохо,хорошо,хорошо
муж,54,да,1108,1,1,2,плохо,плохо,плохо,плохо,отсутствует
муж,12,нет,3488,0,1,4,отсутствует,хорошо,отсутствует,хорошо,отсутствует
муж,23,нет,141,0,1,3,плохо,плохо,отсутствует,хорошо,плохо
муж,47,нет,2973,0,0,2,отсутствует,хорошо,хорошо,отсутствует,плохо
жен,1,нет,4878,0,1,1,отсутствует,отсутствует,отсутствует,отсутствует,хорошо
муж,9,нет,4007,1,1,1,хорошо,хорошо,отсутствует,отсутствует,отсутствует
жен,47,нет,2165,0,0,4,плохо,хорошо,хорошо,отсутствует,хорошо
муж,41,нет,2567,0,0,5,отсутствует,отсутствует,хорошо,плохо,хорошо
муж,59,да,992,0,1,4,хорошо,хорошо,хорошо,плохо,отсутствует
муж,11,нет,2081,1,1,5,отсутствует,плохо,отсутствует,плохо,хорошо
жен,22,да,3523,0,1,4,хорошо,хорошо,хорошо,плохо,отсутствует
жен,35,да,107,0,0,5,отсутствует,плохо,отсутствует,хорошо,хорошо
жен,17,нет,270,1,1,2,отсутствует,отсутствует,плохо,отсутствует,отсутствует
жен,40,да,485,0,0,1,отсутствует,хорошо,хорошо,отсутствует,плохо
жен,58,да,2121,0,1,2,отсутствует,хорошо,отсутствует,плохо,отсутствует
жен,72,нет,1405,1,0,2,отсутствует,хорошо,отсутствует,отсутствует,хорошо
жен,14,да,4796,0,0,5,плохо,хорошо,хорошо,отсутствует,отсутствует
муж,74,да,1308,1,0,4,отсутствует,плохо,плохо,хорошо,хорошо
муж,78,да,1914,0,0,1,хорошо,хорошо,отсутствует,плохо,плохо
муж,65,да,4827,1,0,1,отсутствует,плохо,отсутствует,плохо,отсутствует
муж,29,да,2161,1,0,3,хорошо,хорошо,хорошо,хорошо,хорошо
жен,90,нет,462,0,0,1,хорошо,хорошо,плохо,хорошо,плохо
муж,84,да,4268,0,1,1,отсутствует,плохо,плохо,плохо,хорошо
жен,56,да,2133,1,0,3,хорошо,отсутствует,хорошо,плохо,хорошо
муж,25,нет,2189,1,1,1,отсутствует,плохо,плохо,плохо,хорошо
муж,90,нет,3017,1,1,5,плохо,хорошо,плохо,хорошо,хорошо
муж,8,да,2193,1,0,4,хорошо,отсутствует,плохо,плохо,хорошо
муж,59,да,2295,0,1,3,хорошо,отсутствует,отсутствует,плохо,плохо
жен,42,да,1855,1,0,5,отсутствует,хорошо,плохо,плохо,плохо
жен,55,да,1881,0,1,2,плохо,плохо,хорошо,хорошо,хорошо
жен,73,нет,1528,1,0,5,плохо,плохо,хорошо,хорошо,отсутствует
муж,88,да,2379,0,0,2,хорошо,отсутствует,отсутствует,плохо,хорошо
жен,59,нет,4621,1,0,3,отсутствует,плохо,отсутствует,отсутствует,хорошо
муж,57,да,2164,0,0,1,хорошо,плохо,отсутствует,плохо,плохо
жен,55,нет,1251,1,1,1,хорошо,отсутствует,хорошо,плохо,плохо
муж,15,нет,4723,0,1,1,отсутствует,отсутствует,отсутствует,плохо,хорошо
муж,4,нет,1928,1,0,4,отсутствует,плохо,отсутствует,хорошо,плохо
муж,77,да,522,0,1,2,хорошо,хорошо,отсутствует,отсутствует,хорошо
муж,81,нет,3750,0,1,2,плохо,хорошо,хорошо,отсутствует,отсутствует
муж,4,нет,3221,0,0,2,хорошо,хорошо,плохо,плохо,отсутствует
муж,66,да,4401,0,0,4,хорошо,плохо,отсутствует,отсутствует,плохо
жен,54,да,4165,1,0,3,плохо,отсутствует,плохо,отсутствует,плохо
муж,89,да,2595,0,0,3,плохо,хорошо,отсутствует,отсутствует,хорошо
муж,88,да,3081,1,1,1,плохо,хорошо,плохо,хорошо,плохо
муж,4,да,2374,1,1,3,плохо,отсутствует,отсутствует,плохо,хорошо
жен,89,да,4242,1,1,3,отсутствует,хорошо,хорошо,хорошо,отсутствует
жен,50,да,2667,0,1,4,плохо,отсутствует,отсутствует,хорошо,отсутствует
муж,54,нет,4961,0,0,5,плохо,хорошо,плохо,плохо,хорошо
жен,1,нет,612,0,1,3,плохо,отсутствует,плохо,отсутствует,хорошо
жен,33,нет,676,0,0,5,хорошо,хорошо,плохо,хорошо,хорошо
муж,12,нет,4869,1,0,1,плохо,плохо,хорошо,отсутствует,хорошо
муж,73,да,3126,1,0,1,плохо,отсутствует,хорошо,отсутствует,отсутствует
жен,60,нет,3123,0,1,3,плохо,отсутствует,отсутствует,отсутствует,отсутствует
муж,84,да,3833,0,1,2,плохо,плохо,плохо,хорошо,плохо
жен,25,нет,4171,0,0,4,плохо,хорошо,плохо,плохо,хорошо
муж,70,нет,2969,0,1,3,отсутствует,плохо,отсутствует,отсутствует,плохо
жен,81,да,1392,1,1,3,отсутствует,хорошо,хорошо,хорошо,отсутствует
жен,32,да,4170,0,0,5,отсутствует,отсутствует,плохо,хорошо,плохо
жен,89,да,4325,1,0,2,хорошо,плохо,плохо,отсутствует,хорошо
жен,81,нет,1834,0,0,4,отсутствует,отсутствует,хорошо,отсутствует,отсутствует
муж,3,да,1758,1,1,4,отсутствует,хорошо,плохо,хорошо,отсутствует
жен,19,нет,4225,0,0,4,отсутствует,хорошо,плохо,плохо,хорошо
жен,20,да,500,0,0,1,плохо,отсутствует,хорошо,отсутствует,хорошо
муж,63,нет,4599,0,1,3,хорошо,отсутствует,плохо,хорошо,плохо
жен,46,да,4428,1,0,4,отсутствует,хорошо,отсутствует,отсутствует,плохо
муж,53,нет,786,0,1,4,плохо,плохо,плохо,отсутствует,хорошо
жен,23,нет,1889,1,0,4,отсутствует,отсутствует,отсутствует,хорошо,отсутствует
жен,9,нет,3822,0,1,4,хорошо,плохо,хорошо,плохо,плохо
муж,62,нет,4968,1,1,2,плохо,плохо,отсутствует,плохо,хорошо
муж,20,да,673,0,0,4,хорошо,плохо,отсутствует,отсутствует,отсутствует
муж,3,нет,3335,1,0,5,плохо,отсутствует,плохо,плохо,хорошо
муж,68,нет,545,0,1,1,хорошо,хорошо,плохо,хорошо,плохо
муж,38,да,3040,0,1,3,хорошо,хорошо,отсутствует,хорошо,плохо
муж,66,да,2618,0,1,1,плохо,плохо,плохо,плохо,хорошо
жен,75,да,1801,1,1,2,хорошо,хорошо,отсутствует,отсутствует,хорошо
жен,61,нет,540,1,0,2,хорошо,плохо,плохо,хорошо,плохо
жен,24,нет,1099,0,0,5,хорошо,плохо,хорошо,хорошо,хорошо
муж,82,нет,2491,0,1,4,хорошо,отсутствует,хорошо,плохо,хорошо
жен,52,нет,2342,0,1,3,отсутствует,плохо,отсутствует,плохо,плохо
жен,58,да,215,1,0,1,плохо,отсутствует,плохо,хорошо,плохо
жен,68,нет,484,1,1,2,хорошо,хорошо,плохо,отсутствует,отсутствует
жен,27,нет,2524,1,1,2,плохо,отсутствует,хорошо,хорошо,хорошо
жен,13,нет,985,1,1,4,плохо,плохо,плохо,плохо,отсутствует
муж,57,да,1723,0,0,5,хорошо,хорошо,плохо,отсутствует,отсутствует
муж,10,нет,1212,1,1,4,хорошо,плохо,плохо,хорошо,хорошо
муж,33,да,2888,1,1,5,хорошо,хорошо,отсутствует,хорошо,плохо
муж,24,нет,281,0,0,4,хорошо,отсутствует,хорошо,хорошо,отсутствует
муж,7,нет,2392,0,0,5,отсутствует,хорошо,отсутствует,плохо,плохо
жен,25,да,3239,0,1,3,плохо,отсутствует,плохо,хорошо,плохо
жен,67,нет,141,0,1,4,плохо,плохо,отсутствует,отсутствует,плохо
жен,76,да,3365,1,0,4,хорошо,плохо,плохо,отсутствует,хорошо
муж,65,нет,4162,0,0,5,плохо,хорошо,отсутствует,хорошо,отсутствует
муж,46,нет,1173,1,0,5,хорошо,отсутствует,плохо,плохо,хорошо
муж,10,нет,1360,0,1,4,плохо,хорошо,хорошо,отсутствует,плохо
жен,90,да,713,0,0,3,отсутствует,хорошо,плохо,хорошо,хорошо
муж,15,да,2354,1,0,2,хорошо,плохо,отсутствует,хорошо,плохо
муж,6,нет,4200,1,0,3,плохо,хорошо,хорошо,хорошо,отсутствует
муж,38,да,3291,0,0,4,плохо,отсутствует,отсутствует,отсутствует,хорошо
муж,55,да,4630,0,0,4,хорошо,плохо,хорошо,плохо,хорошо
жен,35,да,2689,1,0,5,плохо,плохо,плохо,плохо,хорошо
жен,89,нет,3130,1,1,5,плохо,отсутствует,плохо,хорошо,плохо
муж,88,да,2418,1,1,4,плохо,хорошо,хорошо,хорошо,отсутствует
муж,73,да,4623,1,1,5,хорошо,хорошо,отсутствует,отсутствует,хорошо
муж,49,нет,321,1,0,4,отсутствует,хорошо,плохо,отсутствует,плохо
муж,67,да,3163,1,1,1,хорошо,отсутствует,отсутствует,отсутствует,отсутствует
муж,20,да,695,1,0,2,плохо,отсутствует,хорошо,отсутствует,хорошо
муж,23,нет,3591,0,1,4,отсутствует,отсутствует,отсутствует,плохо,отсутствует
муж,2,да,181,1,0,2,отсутствует,отсутствует,отсутствует,плохо,хорошо
муж,21,нет,4656,0,1,2,хорошо,плохо,плохо,хорошо,хорошо
жен,89,нет,3683,1,0,2,хорошо,плохо,хорошо,хорошо,отсутствует
жен,41,да,2734,0,0,3,плохо,хорошо,отсутствует,плохо,хорошо
жен,76,нет,3547,0,0,2,плохо,отсутствует,отсутствует,отсутствует,хорошо
жен,43,нет,2094,1,1,1,плохо,хорошо,хорошо,хорошо,хорошо
жен,64,нет,1045,0,0,3,отсутствует,хорошо,отсутствует,плохо,плохо
муж,19,да,1985,0,1,1,плохо,хорошо,отсутствует,плохо,плохо
жен,12,нет,3017,0,0,1,плохо,плохо,отсутствует,хорошо,плохо
муж,39,да,1854,1,1,2,хорошо,отсутствует,плохо,отсутствует,плохо
жен,82,нет,2700,0,0,5,плохо,хорошо,хорошо,хорошо,отсутствует
муж,23,да,2187,0,0,1,отсутствует,отсутствует,плохо,хорошо,плохо
муж,45,нет,2675,0,1,1,плохо,отсутствует,отсутствует,хорошо,отсутствует
жен,44,нет,3861,1,1,1,отсутствует,отсутствует,хорошо,хорошо,отсутствует
жен,65,да,3007,0,0,1,отсутствует,плохо,плохо,отсутствует,хорошо
муж,45,да,1641,1,1,1,плохо,плохо,отсутствует,хорошо,хорошо
жен,20,нет,3675,1,0,2,хорошо,отсутствует,плохо,отсутствует,хорошо
жен,23,нет,1596,0,1,5,плохо,плохо,хорошо,отсутствует,хорошо
муж,47,нет,3158,1,1,2,отсутствует,отсутствует,плохо,плохо,плохо
жен,40,нет,3831,1,0,3,хорошо,хорошо,хорошо,хорошо,хорошо
жен,8,да,3550,0,0,3,отсутствует,отсутствует,хорошо,плохо,хорошо
жен,79,нет,1590,1,0,5,плохо,отсутствует,отсутствует,хорошо,отсутствует
муж,69,да,4268,0,1,3,отсутствует,отсутствует,хорошо,плохо,хорошо
муж,73,нет,4337,1,0,1,отсутствует,хорошо,отсутствует,плохо,плохо
муж,49,да,3428,1,1,2,плохо,хорошо,плохо,хорошо,хорошо
муж,29,нет,2163,0,0,3,плохо,хорошо,хорошо,плохо,хорошо
муж,51,да,2129,0,1,2,отсутствует,плохо,хорошо,плохо,хорошо
муж,19,нет,1103,0,0,1,хорошо,отсутствует,хорошо,хорошо,плохо
жен,12,нет,3320,0,0,1,отсутствует,отсутствует,плохо,хорошо,отсутствует
муж,6,нет,1585,1,0,4,плохо,плохо,плохо,отсутствует,плохо
жен,87,да,1759,0,1,4,плохо,отсутствует,хорошо,хорошо,хорошо
жен,35,да,2139,0,1,1,плохо,отсутствует,хорошо,хорошо,плохо
муж,11,нет,1653,1,1,3,хорошо,плохо,хорошо,хорошо,плохо
муж,30,нет,523,1,0,3,плохо,отсутствует,отсутствует,плохо,хорошо
жен,5,нет,2690,0,0,3,плохо,отсутствует,отсутствует,отсутствует,хорошо
муж,59,нет,1181,1,1,2,плохо,отсутствует,плохо,отсутствует,хорошо
муж,30,да,2624,0,1,5,плохо,хорошо,отсутствует,плохо,хорошо
муж,71,да,748,0,0,1,хорошо,плохо,отсутствует,плохо,плохо
жен,41,нет,2434,0,1,3,хорошо,хорошо,хорошо,хорошо,отсутствует
муж,41,нет,1438,1,0,4,плохо,отсутствует,хорошо,хорошо,отсутствует
муж,19,нет,4412,1,0,5,отсутствует,плохо,отсутствует,хорошо,отсутствует
муж,86,нет,4586,1,0,5,плохо,плохо,плохо,плохо,отсутствует
муж,89,да,4352,0,1,2,хорошо,отсутствует,плохо,хорошо,плохо
муж,63,да,2772,1,1,5,хорошо,отсутствует,хорошо,плохо,хорошо
жен,80,нет,3236,0,1,3,отсутствует,отсутствует,плохо,хорошо,плохо
муж,32,да,1660,0,1,3,отсутствует,хорошо,отсутствует,отсутствует,хорошо
муж,31,нет,3347,1,1,1,отсутствует,плохо,плохо,плохо,хорошо
жен,5,да,159,0,1,4,отсутствует,хорошо,плохо,хорошо,отсутствует
жен,81,да,1664,0,1,5,хорошо,плохо,отсутствует,плохо,отсутствует
муж,7,да,4350,1,1,5,отсутствует,хорошо,отсутствует,отсутствует,отсутствует
муж,7,да,4204,1,0,4,хорошо,отсутствует,плохо,хорошо,хорошо
жен,14,да,463,0,1,5,плохо,отсутствует,плохо,плохо,плохо
муж,25,нет,2934,0,1,3,отсутствует,плохо,плохо,хорошо,хорошо
муж,42,да,1336,1,1,1,хорошо,плохо,отсутствует,хорошо,хорошо
муж,2,да,4608,1,1,1,плохо,хорошо,плохо,хорошо,отсутствует
жен,17,да,1625,1,1,5,отсутствует,отсутствует,отсутствует,отсутствует,хорошо
муж,3,да,1149,0,1,4,хорошо,плохо,хорошо,плохо,отсутствует
муж,5,нет,4969,1,0,3,плохо,хорошо,отсутствует,плохо,отсутствует
жен,30,да,4344,0,1,1,хорошо,хорошо,отсутствует,плохо,плохо
муж,1,да,1543,0,0,1,отсутствует,хорошо,плохо,плохо,хорошо
жен,28,нет,3841,0,0,5,хорошо,плохо,отсутствует,хорошо,отсутствует
жен,19,нет,3109,1,0,3,плохо,отсутствует,плохо,плохо,отсутствует
муж,7,нет,4365,1,0,4,отсутствует,хорошо,хорошо,хорошо,хорошо
жен,63,да,4356,1,1,3,отсутствует,отсутствует,плохо,плохо,плохо
муж,7,нет,802,0,1,5,плохо,отсутствует,отсутствует,хорошо,хорошо
жен,54,нет,4626,0,1,3,хорошо,отсутствует,плохо,хорошо,плохо
муж,29,нет,2715,1,0,1,плохо,хорошо,плохо,хорошо,отсутствует
жен,37,нет,3393,1,1,4,плохо,плохо,отсутствует,отсутствует,плохо
жен,87,да,2854,0,1,3,плохо,хорошо,хорошо,отсутствует,плохо
жен,36,да,4720,0,1,1,плохо,хорошо,отсутствует,хорошо,плохо
муж,63,нет,2086,0,1,4,плохо,отсутствует,отсутствует,отсутствует,хорошо
муж,87,нет,2412,0,0,2,плохо,отсутствует,хорошо,хорошо,хорошо
жен,3,нет,3301,1,1,3,отсутствует,отсутствует,хорошо,хорошо,отсутствует
жен,21,нет,1876,1,0,3,плохо,хорошо,хорошо,хорошо,отсутствует
муж,60,да,1928,1,0,5,отсутствует,отсутствует,хорошо,плохо,отсутствует
муж,57,да,2859,1,0,2,плохо,хорошо,отсутствует,плохо,хорошо
муж,7,нет,3699,1,0,2,плохо,отсутствует,плохо,плохо,хорошо
жен,24,да,2867,1,0,5,плохо,отсутствует,хорошо,хорошо,отсутствует
жен,7,нет,3748,0,1,4,хорошо,плохо,плохо,отсутствует,отсутствует
жен,3,да,3044,1,1,1,плохо,отсутствует,хорошо,плохо,отсутствует
муж,76,нет,3992,1,1,4,отсутствует,хорошо,отсутствует,плохо,отсутствует
жен,77,нет,3966,0,1,1,плохо,хорошо,отсутствует,отсутствует,отсутствует
муж,83,нет,653,0,0,4,хорошо,отсутствует,хорошо,хорошо,хорошо
жен,84,нет,676,0,0,3,отсутствует,хорошо,отсутствует,хорошо,отсутствует
жен,86,да,700,1,0,2,плохо,плохо,отсутствует,отсутствует,отсутствует
муж,85,да,3645,0,0,1,хорошо,плохо,отсутствует,хорошо,хорошо
жен,77,да,361,0,0,4,отсутствует,отсутствует,отсутствует,плохо,отсутствует
жен,13,да,2532,0,0,1,отсутствует,отсутствует,отсутствует,отсутствует,плохо
жен,81,да,1300,0,0,1,отсутствует,хорошо,хорошо,хорошо,отсутствует
жен,48,нет,3999,1,0,5,отсутствует,отсутствует,хорошо,хорошо,отсутствует
жен,31,нет,2905,0,0,1,плохо,плохо,отсутствует,отсутствует,отсутствует
муж,85,да,1056,1,0,5,плохо,отсутствует,отсутствует,хорошо,плохо
муж,67,да,2291,1,0,4,хорошо,хорошо,хорошо,отсутствует,отсутствует
жен,35,да,3671,0,1,4,отсутствует,отсутствует,хорошо,хорошо,плохо
муж,29,нет,3370,0,1,5,хорошо,отсутствует,хорошо,отсутствует,плохо
муж,40,да,644,0,1,4,плохо,хорошо,плохо,плохо,хорошо
муж,39,нет,2779,1,0,2,хорошо,отсутствует,плохо,хорошо,плохо
жен,18,нет,2756,1,1,4,отсутствует,плохо,отсутствует,отсутствует,плохо
жен,59,да,639,1,1,2,плохо,отсутствует,отсутствует,хорошо,отсутствует
жен,12,да,4784,1,1,2,отсутствует,хорошо,хорошо,отсутствует,плохо
муж,58,нет,1899,0,0,1,плохо,плохо,плохо,хорошо,хорошо
муж,50,нет,479,0,1,4,отсутствует,отсутствует,плохо,плохо,хорошо
муж,82,да,3117,1,0,3,плохо,плохо,хорошо,плохо,хорошо
муж,2,да,1145,0,0,1,отсутствует,плохо,плохо,отсутствует,отсутствует
жен,19,нет,1015,0,0,2,отсутствует,хорошо,отсутствует,хорошо,хорошо
жен,82,нет,2681,0,0,5,отсутствует,плохо,хорошо,хорошо,хорошо
муж,90,нет,3776,1,1,1,отсутствует,хорошо,плохо,хорошо,хорошо
муж,17,да,4315,0,0,2,хорошо,отсутствует,плохо,отсутствует,плохо
муж,8,да,2336,1,0,2,хорошо,отсутствует,отсутствует,отсутствует,плохо
муж,69,да,2767,0,0,2,отсутствует,плохо,хорошо,хорошо,хорошо
муж,30,да,159,1,1,4,хорошо,хорошо,отсутствует,хорошо,плохо
муж,42,нет,251,0,1,5,плохо,отсутствует,хорошо,хорошо,плохо
муж,62,да,3208,1,1,3,отсутствует,плохо,отсутствует,отсутствует,хорошо
жен,49,да,4365,0,0,1,отсутствует,хорошо,отсутствует,хорошо,отсутствует
жен,38,нет,4344,0,0,5,хорошо,отсутствует,хорошо,плохо,плохо
муж,42,да,2781,0,1,3,плохо,хорошо,отсутствует,отсутствует,отсутствует
муж,81,нет,4075,0,0,3,хорошо,хорошо,плохо,хорошо,хорошо
жен,56,нет,1990,1,1,2,отсутствует,хорошо,плохо,отсутствует,плохо
жен,79,да,3746,0,1,2,отсутствует,плохо,хорошо,плохо,отсутствует
жен,66,нет,3928,1,0,1,хорошо,отсутствует,хорошо,отсутствует,хорошо
жен,1,нет,3841,0,1,4,отсутствует,отсутствует,хорошо,отсутствует,хорошо
муж,12,нет,1850,0,0,3,отсутствует,плохо,плохо,хорошо,хорошо
муж,81,нет,696,0,0,5,хорошо,хорошо,хорошо,отсутствует,хорошо
муж,67,нет,1606,0,1,2,плохо,плохо,отсутствует,плохо,плохо
жен,11,нет,1381,1,1,2,плохо,хорошо,плохо,отсутствует,плохо
жен,37,да,4343,1,0,4,плохо,отсутствует,плохо,плохо,плохо
муж,52,да,2709,1,1,3,отсутствует,плохо,хорошо,отсутствует,отсутствует
жен,5,нет,3266,0,0,5,отсутствует,отсутствует,плохо,хорошо,плохо
муж,38,нет,1669,0,0,5,хорошо,хорошо,хорошо,плохо,плохо
муж,85,нет,978,1,1,4,плохо,хорошо,хорошо,хорошо,отсутствует
жен,15,нет,219,1,1,2,плохо,плохо,хорошо,отсутствует,отсутствует
жен,61,да,2337,0,0,2,плохо,плохо,плохо,хорошо,плохо
муж,6,нет,336,1,0,4,плохо,отсутствует,хорошо,плохо,отсутствует
жен,40,да,1148,0,0,4,хорошо,плохо,плохо,плохо,плохо
жен,52,да,1271,0,0,1,плохо,хорошо,отсутствует,хорошо,отсутствует
жен,2,да,2369,1,1,5,плохо,хорошо,отсутствует,отсутствует,плохо
муж,32,да,1678,0,0,3,хорошо,отсутствует,отсутствует,плохо,плохо
муж,4,да,1696,1,1,3,плохо,хорошо,хорошо,отсутствует,плохо
жен,34,нет,4753,0,0,4,хорошо,отсутствует,отсутствует,плохо,хорошо
жен,79,да,540,0,0,5,хорошо,хорошо,хорошо,плохо,отсутствует
муж,89,да,3784,0,0,4,отсутствует,плохо,плохо,хорошо,отсутствует
жен,19,нет,997,1,1,4,хорошо,хорошо,плохо,плохо,хорошо
жен,25,да,3028,1,0,5,хорошо,плохо,хорошо,хорошо,плохо
муж,2,да,1983,0,1,1,отсутствует,хорошо,хорошо,отсутствует,плохо
муж,66,нет,4264,0,0,1,хорошо,хорошо,хорошо,отсутствует,отсутствует
жен,69,нет,3374,1,1,5,плохо,плохо,хорошо,хорошо,плохо
жен,35,да,4445,0,1,4,хорошо,хорошо,хорошо,плохо,отсутствует
муж,39,нет,2550,0,1,5,плохо,отсутствует,плохо,хорошо,хорошо
жен,51,да,2631,0,0,4,плохо,плохо,плохо,плохо,плохо
жен,36,нет,845,1,1,3,плохо,плохо,отсутствует,плохо,плохо
жен,70,нет,3570,0,0,2,плохо,хорошо,отсутствует,плохо,хорошо
муж,55,нет,378,0,1,1,отсутствует,отсутствует,хорошо,отсутствует,хорошо
жен,13,да,2155,1,0,4,плохо,хорошо,плохо,отсутствует,хорошо
жен,41,да,2844,0,1,4,хорошо,отсутствует,хорошо,хорошо,отсутствует
жен,48,да,730,0,0,5,плохо,плохо,плохо,отсутствует,плохо
жен,9,нет,697,1,0,3,хорошо,хорошо,хорошо,плохо,хорошо
муж,70,да,659,1,1,5,плохо,плохо,хорошо,отсутствует,отсутствует
муж,58,да,3896,1,0,1,отсутствует,хорошо,отсутствует,плохо,отсутствует
жен,58,нет,1068,0,0,4,хорошо,отсутствует,плохо,плохо,отсутствует
жен,52,да,3201,0,0,3,отсутствует,хорошо,отсутствует,плохо,отсутствует
жен,13,нет,1077,1,1,2,хорошо,хорошо,хорошо,хорошо,плохо
муж,41,нет,3427,0,0,4,отсутствует,хорошо,отсутствует,хорошо,хорошо
жен,65,нет,2443,1,0,5,отсутствует,хорошо,плохо,отсутствует,хорошо
жен,55,нет,3237,0,1,1,хорошо,хорошо,отсутствует,хорошо,плохо
жен,58,да,2849,1,1,2,отсутствует,хорошо,отсутствует,отсутствует,плохо
жен,82,да,2098,0,1,2,отсутствует,отсутствует,плохо,хорошо,плохо
жен,41,нет,3804,0,1,1,плохо,отсутствует,плохо,плохо,отсутствует
муж,22,нет,4447,1,1,4,плохо,плохо,плохо,плохо,отсутствует
жен,34,нет,4111,0,0,5,хорошо,хорошо,плохо,плохо,хорошо
жен,49,нет,4777,1,0,1,отсутствует,плохо,хорошо,плохо,хорошо
жен,59,да,324,0,1,4,хорошо,отсутствует,хорошо,хорошо,отсутствует
жен,58,нет,3948,0,1,2,хорошо,хорошо,хорошо,хорошо,хорошо
муж,38,нет,4830,1,1,1,отсутствует,хорошо,хорошо,хорошо,хорошо
жен,11,нет,1989,1,0,1,плохо,плохо,отсутствует,хорошо,плохо
жен,53,да,4036,1,1,2,хорошо,отсутствует,отсутствует,отсутствует,отсутствует
муж,29,нет,124,0,0,2,хорошо,плохо,хорошо,плохо,хорошо
муж,27,нет,541,1,0,4,хорошо,отсутствует,отсутствует,отсутствует,хорошо
жен,89,нет,2017,0,1,2,хорошо,отсутствует,хорошо,хорошо,плохо
жен,88,да,4372,1,0,4,отсутствует,плохо,отсутствует,хорошо,отсутствует
жен,9,нет,3843,1,0,2,плохо,отсутствует,плохо,отсутствует,хорошо
муж,52,да,3312,0,1,2,плохо,плохо,хорошо,плохо,плохо
муж,47,да,3238,1,1,5,хорошо,отсутствует,отсутствует,хорошо,отсутствует
жен,77,нет,4576,1,1,3,хорошо,отсутствует,отсутствует,хорошо,отсутствует
муж,11,нет,4164,1,0,1,отсутствует,плохо,плохо,плохо,хорошо
муж,80,да,3614,1,1,5,плохо,плохо,хорошо,отсутствует,хорошо
муж,21,да,1866,0,0,3,отсутствует,плохо,хорошо,плохо,отсутствует
жен,51,да,2257,1,0,5,отсутствует,хорошо,отсутствует,хорошо,хорошо
муж,59,нет,679,0,0,3,хорошо,отсутствует,отсутствует,плохо,хорошо
жен,79,да,3606,0,1,1,плохо,плохо,отсутствует,отсутствует,плохо
муж,69,да,710,0,0,1,хорошо,хорошо,хорошо,плохо,отсутствует
муж,2,нет,4255,0,0,3,хорошо,плохо,плохо,плохо,хорошо
жен,5,да,3690,0,0,5,хорошо,плохо,плохо,хорошо,хорошо
жен,42,нет,1850,0,1,2,плохо,плохо,отсутствует,отсутствует,отсутствует
жен,57,да,2916,0,1,3,хорошо,отсутствует,хорошо,хорошо,плохо
жен,87,да,2947,0,1,2,отсутствует,отсутствует,хорошо,хорошо,плохо
жен,29,да,4841,1,1,1,хорошо,плохо,хорошо,отсутствует,хорошо
жен,63,нет,1518,1,1,4,хорошо,отсутствует,плохо,плохо,хорошо
жен,2,да,4073,0,0,4,отсутствует,плохо,отсутствует,отсутствует,отсутствует
муж,33,да,2739,1,0,1,плохо,плохо,хорошо,плохо,хорошо
жен,21,нет,4599,1,1,4,плохо,отсутствует,плохо,отсутствует,отсутствует
муж,90,нет,2574,1,0,5,хорошо,хорошо,хорошо,плохо,отсутствует
жен,20,да,1818,1,1,5,отсутствует,отсутствует,плохо,отсутствует,плохо
жен,25,нет,745,1,0,3,хорошо,плохо,отсутствует,отсутствует,хорошо
муж,16,да,4273,0,0,5,хорошо,плохо,хорошо,отсутствует,отсутствует
жен,82,нет,3658,0,0,4,хорошо,отсутствует,хорошо,хорошо,отсутствует
жен,30,да,2787,0,0,5,плохо,плохо,плохо,плохо,плохо
муж,20,да,3523,1,0,5,отсутствует,отсутствует,плохо,хорошо,отсутствует
муж,58,да,4285,1,1,4,отсутствует,плохо,отсутствует,отсутствует,отсутствует
жен,62,нет,3193,0,1,1,хорошо,плохо,хорошо,плохо,хорошо
муж,58,нет,1495,0,0,5,отсутствует,плохо,отсутствует,отсутствует,хорошо
муж,8,нет,2866,0,1,2,плохо,плохо,плохо,отсутствует,хорошо
жен,32,да,1137,0,1,1,плохо,отсутствует,отсутствует,отсутствует,отсутствует
муж,89,нет,977,1,0,4,отсутствует,плохо,хорошо,плохо,хорошо
муж,54,нет,3684,0,0,5,плохо,хорошо,хорошо,плохо,хорошо
жен,22,нет,919,0,0,4,хорошо,плохо,хорошо,плохо,хорошо
муж,71,да,4815,0,0,4,отсутствует,хорошо,отсутствует,отсутствует,хорошо
муж,76,да,2960,0,0,3,плохо,плохо,плохо,плохо,отсутствует
муж,49,нет,705,1,1,3,плохо,отсутствует,отсутствует,плохо,плохо
муж,71,да,392,0,0,3,плохо,отсутствует,отсутствует,отсутствует,плохо
муж,31,да,2863,0,0,3,плохо,отсутствует,хорошо,плохо,хорошо
жен,32,да,1332,0,0,3,хорошо,плохо,хорошо,хорошо,хорошо
муж,44,нет,1288,1,1,1,хорошо,плохо,хорошо,хорошо,хорошо
муж,81,да,261,0,0,5,хорошо,плохо,отсутствует,плохо,плохо
муж,10,нет,1232,1,0,5,отсутствует,хорошо,плохо,отсутствует,отсутствует
жен,33,нет,3259,1,0,4,плохо,отсутствует,отсутствует,отсутствует,хорошо
жен,50,да,4218,0,1,4,хорошо,отсутствует,хорошо,хорошо,плохо
жен,19,нет,1110,0,1,2,отсутствует,хорошо,хорошо,отсутствует,отсутствует
жен,29,да,3706,0,0,4,хорошо,плохо,плохо,плохо,отсутствует
муж,86,нет,2086,1,1,2,плохо,хорошо,плохо,хорошо,хорошо
муж,75,да,4519,0,0,3,отсутствует,хорошо,плохо,хорошо,хорошо
жен,74,нет,1764,1,0,5,отсутствует,хорошо,хорошо,плохо,плохо
жен,73,нет,226,0,1,5,отсутствует,плохо,отсутствует,плохо,плохо
муж,17,нет,1481,0,0,3,хорошо,отсутствует,отсутствует,хорошо,отсутствует
жен,5,да,4508,0,1,4,хорошо,хорошо,плохо,плохо,хорошо
жен,61,да,3931,1,0,3,хорошо,плохо,отсутствует,хорошо,плохо
муж,4,да,4839,1,0,3,отсутствует,отсутствует,отсутствует,отсутствует,отсутствует
жен,43,да,2360,0,0,2,плохо,отсутствует,хорошо,отсутствует,плохо
жен,44,да,2715,1,1,4,плохо,хорошо,хорошо,плохо,отсутствует
жен,11,нет,4365,0,1,2,хорошо,плохо,отсутствует,отсутствует,хорошо
муж,4,нет,4212,0,0,1,отсутствует,отсутствует,плохо,плохо,плохо
муж,2,нет,1068,0,0,3,плохо,плохо,хорошо,хорошо,отсутствует
жен,23,да,1084,0,0,1,отсутствует,плохо,плохо,плохо,хорошо
жен,34,нет,730,1,0,3,плохо,отсутствует,отсутствует,хорошо,плохо
муж,74,нет,1533,1,1,4,плохо,плохо,плохо,отсутствует,плохо
жен,34,нет,669,1,0,5,отсутствует,отсутствует,отсутствует,хорошо,хорошо
жен,24,нет,790,0,0,1,отсутствует,плохо,плохо,плохо,отсутствует
муж,11,да,4815,1,1,2,отсутствует,отсутствует,плохо,плохо,плохо
жен,76,да,1681,1,1,1,хорошо,хорошо,хорошо,хорошо,плохо
жен,56,да,2138,0,1,5,отсутствует,плохо,хорошо,хорошо,отсутствует
жен,21,нет,1687,0,1,5,плохо,плохо,отсутствует,плохо,плохо
муж,10,да,3580,0,0,3,хорошо,хорошо,отсутствует,плохо,отсутствует
жен,29,да,1251,1,0,3,отсутствует,плохо,отсутствует,хорошо,плохо
жен,26,нет,2114,1,0,3,плохо,отсутствует,отсутствует,хорошо,хорошо
муж,2,да,4956,1,1,2,плохо,хорошо,отсутствует,плохо,хорошо
муж,22,нет,170,1,0,5,хорошо,плохо,плохо,плохо,хорошо
муж,8,да,602,0,0,1,отсутствует,плохо,хорошо,отсутствует,отсутствует
жен,90,да,2678,1,0,1,хорошо,плохо,плохо,плохо,отсутствует
муж,84,да,4168,0,0,4,отсутствует,хорошо,хорошо,плохо,отсутствует
жен,36,нет,1046,0,0,4,отсутствует,плохо,плохо,отсутствует,отсутствует
муж,67,да,3578,0,0,5,отсутствует,хорошо,отсутствует,плохо,плохо
муж,71,нет,4457,1,0,4,хорошо,отсутствует,отсутствует,хорошо,хорошо
муж,59,да,1423,0,1,5,хорошо,хорошо,хорошо,хорошо,хорошо
муж,72,да,4728,0,0,2,отсутствует,отсутствует,отсутствует,хорошо,плохо
муж,21,да,4604,1,1,5,хорошо,хорошо,отсутствует,хорошо,хорошо
муж,22,нет,221,0,1,5,хорошо,плохо,плохо,плохо,хорошо
муж,15,нет,531,1,0,1,отсутствует,хорошо,хорошо,хорошо,хорошо
муж,84,да,2062,0,1,4,хорошо,плохо,отсутствует,отсутствует,отсутствует
жен,28,да,105,1,0,5,плохо,отсутствует,хорошо,плохо,плохо
муж,10,да,2178,0,1,5,плохо,плохо,хорошо,плохо,плохо
муж,16,нет,1114,1,0,1,плохо,хорошо,плохо,плохо,плохо
жен,36,нет,1670,0,0,4,плохо,хорошо,отсутствует,плохо,плохо
жен,6,да,582,1,0,3,плохо,плохо,отсутствует,плохо,отсутствует
жен,64,нет,4638,1,0,2,хорошо,плохо,хорошо,плохо,плохо
жен,2,да,3721,1,1,3,отсутствует,хорошо,плохо,хорошо,отсутствует
муж,2,да,3103,0,1,3,отсутствует,отсутствует,плохо,хорошо,плохо
муж,71,да,4422,1,0,3,хорошо,плохо,хорошо,плохо,хорошо
муж,83,нет,2696,0,1,2,отсутствует,отсутствует,отсутствует,отсутствует,хорошо
жен,57,нет,4007,0,0,2,хорошо,хорошо,плохо,хорошо,хорошо
муж,12,нет,1899,1,1,5,отсутствует,хорошо,хорошо,хорошо,хорошо
жен,75,нет,4587,0,0,4,отсутствует,отсутствует,плохо,плохо,отсутствует
жен,63,да,1642,1,0,4,хорошо,хорошо,плохо,плохо,хорошо
жен,11,да,257,1,0,3,плохо,плохо,хорошо,хорошо,отсутствует
муж,62,да,528,1,0,3,хорошо,плохо,хорошо,плохо,плохо
муж,57,нет,992,0,1,3,хорошо,хорошо,плохо,хорошо,отсутствует
жен,21,нет,4888,1,0,1,плохо,плохо,отсутствует,хорошо,хорошо
муж,90,нет,4413,1,1,4,отсутствует,плохо,отсутствует,плохо,хорошо
муж,29,да,2306,0,1,1,отсутствует,плохо,хорошо,отсутствует,плохо
жен,43,да,2876,1,1,5,отсутствует,хорошо,плохо,хорошо,плохо
жен,59,нет,2827,0,0,1,отсутствует,плохо,плохо,плохо,плохо
муж,86,нет,2609,1,0,4,отсутствует,хорошо,хорошо,отсутствует,отсутствует
муж,11,нет,901,1,0,5,хорошо,хорошо,отсутствует,отсутствует,плохо
жен,27,нет,2993,1,1,2,плохо,отсутствует,хорошо,хорошо,отсутствует
муж,31,да,4034,0,0,5,хорошо,плохо,плохо,отсутствует,отсутствует
муж,41,да,4210,1,1,1,отсутствует,отсутствует,хорошо,плохо,отсутствует
жен,25,да,4478,1,0,4,хорошо,отсутствует,отсутствует,хорошо,хорошо
муж,36,да,1436,0,0,3,плохо,отсутствует,отсутствует,отсутствует,отсутствует
жен,70,да,3333,1,1,5,хорошо,плохо,отсутствует,плохо,плохо
жен,52,нет,1835,0,0,5,плохо,хорошо,плохо,хорошо,плохо
жен,32,нет,4990,1,1,3,плохо,плохо,плохо,хорошо,плохо
муж,39,да,2643,1,0,1,хорошо,отсутствует,хорошо,плохо,хорошо
муж,71,нет,4944,0,0,4,хорошо,хорошо,отсутствует,хорошо,отсутствует
жен,84,да,822,0,1,2,плохо,хорошо,хорошо,отсутствует,отсутствует
жен,59,нет,163,1,1,5,плохо,плохо,плохо,хорошо,хорошо
жен,35,да,3972,1,1,3,отсутствует,отсутствует,хорошо,плохо,отсутствует
жен,39,да,2583,0,1,2,хорошо,плохо,отсутствует,хорошо,отсутствует
муж,51,да,774,0,0,4,плохо,отсутствует,плохо,хорошо,хорошо
жен,79,да,4476,1,1,2,плохо,отсутствует,плохо,отсутствует,отсутствует
жен,70,нет,861,1,0,4,отсутствует,отсутствует,отсутствует,хорошо,отсутствует
жен,71,да,2640,0,1,2,хорошо,отсутствует,отсутствует,плохо,хорошо
муж,45,нет,1126,1,1,1,отсутствует,плохо,хорошо,хорошо,плохо
жен,61,да,534,0,1,5,отсутствует,отсутствует,хорошо,плохо,плохо
жен,17,да,1117,1,0,5,отсутствует,хорошо,отсутствует,плохо,хорошо
муж,81,да,3860,0,0,4,плохо,хорошо,хорошо,отсутствует,хорошо
жен,60,да,4001,1,1,5,хорошо,хорошо,хорошо,плохо,плохо
муж,4,да,3988,1,0,4,отсутствует,хорошо,отсутствует,хорошо,отсутствует
муж,4,да,531,0,1,1,плохо,отсутствует,хорошо,отсутствует,хорошо
жен,75,нет,4418,1,0,1,отсутствует,плохо,хорошо,отсутствует,хорошо
жен,28,да,2165,1,1,4,отсутствует,хорошо,плохо,хорошо,отсутствует
жен,34,да,4600,0,0,3,отсутствует,отсутствует,хорошо,отсутствует,хорошо
муж,12,да,1686,0,0,5,плохо,плохо,плохо,плохо,плохо
муж,7,да,1670,0,1,4,хорошо,отсутствует,плохо,отсутствует,плохо
муж,3,да,2783,0,1,3,плохо,хорошо,плохо,плохо,отсутствует
муж,62,нет,762,0,0,1,отсутствует,плохо,хорошо,хорошо,плохо
муж,9,да,710,1,0,5,плохо,отсутствует,плохо,отсутствует,отсутствует
жен,90,да,415,1,0,5,плохо,плохо,плохо,плохо,плохо
муж,74,да,4116,0,0,2,плохо,плохо,хорошо,отсутствует,плохо
жен,15,да,1441,1,1,5,хорошо,плохо,хорошо,отсутствует,плохо
жен,9,да,805,0,1,5,хорошо,хорошо,плохо,отсутствует,плохо
жен,24,нет,3407,0,1,5,отсутствует,хорошо,отсутствует,плохо,отсутствует
муж,3,да,1142,0,0,1,хорошо,хорошо,хорошо,хорошо,плохо
муж,37,нет,818,0,1,3,плохо,отсутствует,отсутствует,хорошо,плохо
жен,89,нет,382,1,0,1,плохо,хорошо,отсутствует,отсутствует,плохо
жен,19,да,4650,1,0,4,отсутствует,отсутствует,отсутствует,плохо,плохо
жен,28,нет,4295,1,0,4,отсутствует,отсутствует,плохо,отсутствует,плохо
муж,64,да,476,0,0,3,плохо,отсутствует,отсутствует,отсутствует,плохо
муж,32,нет,922,0,0,5,плохо,плохо,отсутствует,хорошо,отсутствует
жен,41,нет,267,1,1,4,плохо,отсутствует,плохо,хорошо,хорошо
муж,66,да,392,1,0,4,плохо,отсутствует,плохо,отсутствует,хорошо
муж,62,да,3225,0,0,1,отсутствует,хорошо,отсутствует,отсутствует,отсутствует
жен,28,да,1332,0,1,5,хорошо,хорошо,плохо,плохо,хорошо
муж,56,нет,3989,0,1,2,плохо,хорошо,отсутствует,хорошо,плохо
муж,12,нет,3234,1,1,5,отсутствует,плохо,хорошо,отсутствует,плохо
муж,69,да,2250,1,1,5,хорошо,плохо,плохо,хорошо,отсутствует
жен,84,да,1066,0,1,4,хорошо,плохо,плохо,отсутствует,хорошо
муж,22,да,3060,0,0,3,хорошо,хорошо,плохо,отсутствует,отсутствует
жен,16,нет,360,0,1,1,плохо,хорошо,хорошо,плохо,отсутствует
муж,84,нет,3577,1,1,5,плохо,плохо,хорошо,отсутствует,отсутствует
муж,35,да,2261,0,1,5,плохо,отсутствует,отсутствует,плохо,отсутствует
муж,19,нет,3710,1,1,1,отсутствует,плохо,отсутствует,плохо,хорошо
жен,55,нет,4490,1,1,5,плохо,хорошо,отсутствует,хорошо,плохо
муж,32,нет,1401,1,1,1,отсутствует,плохо,отсутствует,хорошо,хорошо
жен,61,нет,1613,0,1,5,плохо,отсутствует,плохо,хорошо,плохо
жен,37,да,964,1,1,4,отсутствует,отсутствует,плохо,хорошо,хорошо
жен,23,да,2382,1,0,2,хорошо,хорошо,плохо,хорошо,плохо
муж,20,нет,4903,1,0,1,отсутствует,плохо,отсутствует,хорошо,отсутствует
муж,14,да,498,1,0,1,отсутствует,плохо,хорошо,плохо,отсутствует
муж,75,нет,4292,0,0,2,хорошо,отсутствует,отсутствует,отсутствует,плохо
жен,1,нет,4576,1,1,2,отсутствует,плохо,отсутствует,плохо,плохо
муж,35,да,4357,1,0,1,отсутствует,отсутствует,отсутствует,хорошо,плохо
муж,53,да,2406,0,1,3,хорошо,хорошо,хорошо,отсутствует,отсутствует
жен,29,да,3314,1,1,1,плохо,хорошо,хорошо,хорошо,плохо
муж,6,нет,2028,0,1,4,плохо,плохо,хорошо,отсутствует,плохо
жен,45,да,865,0,0,2,плохо,плохо,хорошо,отсутствует,хорошо
жен,46,да,4636,1,1,4,плохо,отсутствует,хорошо,плохо,хорошо
жен,80,нет,2292,0,0,4,хорошо,плохо,хорошо,плохо,плохо
муж,79,да,4686,1,1,2,плохо,плохо,отсутствует,хорошо,отсутствует
муж,20,нет,586,0,0,4,хорошо,отсутствует,плохо,плохо,хорошо
муж,15,нет,255,1,0,2,хорошо,хорошо,хорошо,плохо,хорошо
муж,82,да,629,0,0,1,отсутствует,хорошо,плохо,плохо,хорошо
муж,15,да,4367,0,0,2,плохо,плохо,отсутствует,хорошо,хорошо
жен,89,нет,1920,1,1,4,отсутствует,отсутствует,плохо,отсутствует,отсутствует
жен,8,нет,3552,0,1,4,отсутствует,плохо,отсутствует,отсутствует,хорошо
муж,72,да,2603,0,1,2,отсутствует,плохо,отсутствует,хорошо,хорошо
муж,20,нет,279,1,1,5,плохо,отсутствует,хорошо,плохо,плохо
муж,11,нет,2503,0,1,5,отсутствует,хорошо,отсутствует,хорошо,плохо
муж,41,да,763,1,1,4,хорошо,плохо,плохо,отсутствует,отсутствует
жен,33,нет,1481,1,0,2,хорошо,отсутствует,плохо,плохо,хорошо
жен,34,да,1214,1,0,1,плохо,плохо,отсутствует,плохо,отсутствует
муж,56,да,670,0,0,5,отсутствует,отсутствует,плохо,плохо,плохо
муж,61,да,632,0,1,5,плохо,отсутствует,хорошо,плохо,плохо
жен,33,нет,3430,1,0,1,плохо,хорошо,хорошо,отсутствует,отсутствует
жен,55,нет,367,0,0,4,хорошо,отсутствует,плохо,хорошо,хорошо
жен,25,да,1662,1,0,3,отсутствует,отсутствует,плохо,отсутствует,хорошо
жен,29,нет,186,0,1,5,хорошо,отсутствует,отсутствует,плохо,отсутствует
муж,65,да,1879,1,1,4,плохо,хорошо,плохо,плохо,плохо
жен,83,да,184,1,0,2,плохо,отсутствует,отсутствует,отсутствует,плохо
жен,67,нет,450,0,1,5,хорошо,отсутствует,отсутствует,хорошо,хорошо
жен,40,да,1709,1,0,3,отсутствует,хорошо,плохо,плохо,хорошо
муж,77,нет,4294,0,0,3,отсутствует,хорошо,хорошо,хорошо,отсутствует
жен,33,да,4434,1,1,5,хорошо,плохо,плохо,хорошо,отсутствует
муж,49,нет,156,0,1,2,хорошо,хорошо,отсутствует,хорошо,плохо
жен,79,нет,3844,1,0,1,хорошо,отсутствует,плохо,плохо,отсутствует
жен,79,нет,210,1,0,2,хорошо,отсутствует,плохо,отсутствует,плохо
жен,76,да,3706,0,1,1,плохо,отсутствует,отсутствует,хорошо,хорошо
муж,13,нет,1920,0,0,2,хорошо,отсутствует,хорошо,хорошо,плохо
муж,69,нет,1241,1,1,1,плохо,отсутствует,хорошо,хорошо,отсутствует
жен,8,да,4498,0,0,3,плохо,хорошо,хорошо,хорошо,плохо
жен,74,да,1659,0,0,2,отсутствует,хорошо,отсутствует,плохо,плохо
муж,16,да,2311,1,0,5,хорошо,плохо,плохо,отсутствует,отсутствует
муж,68,нет,985,0,1,1,плохо,отсутствует,хорошо,отсутствует,хорошо
муж,80,нет,2904,0,0,4,плохо,хорошо,плохо,хорошо,плохо
жен,51,да,1669,0,0,5,отсутствует,отсутствует,хорошо,отсутствует,отсутствует
муж,7,да,4925,1,0,5,хорошо,отсутствует,плохо,хорошо,хорошо
муж,24,да,3962,1,1,5,хорошо,отсутствует,хорошо,плохо,плохо
муж,22,да,1629,1,0,4,отсутствует,плохо,отсутствует,отсутствует,отсутствует
муж,87,нет,4693,1,0,1,плохо,плохо,плохо,плохо,плохо
жен,8,да,3735,0,1,2,плохо,хорошо,хорошо,отсутствует,плохо
муж,87,да,1893,0,1,5,плохо,отсутствует,отсутствует,плохо,плохо
муж,27,нет,4853,0,1,4,плохо,отсутствует,плохо,хорошо,хорошо
муж,66,да,3676,1,1,4,отсутствует,плохо,плохо,отсутствует,плохо
муж,61,да,1141,1,0,4,плохо,хорошо,плохо,плохо,плохо
муж,81,нет,3893,0,0,2,отсутствует,плохо,отсутствует,хорошо,плохо
жен,43,да,381,0,0,3,отсутствует,отсутствует,плохо,отсутствует,отсутствует
жен,21,нет,4991,0,1,5,плохо,хорошо,отсутствует,хорошо,отсутствует
жен,88,нет,2420,0,0,1,отсутствует,плохо,плохо,отсутствует,плохо
жен,7,нет,4374,1,0,4,плохо,хорошо,отсутствует,отсутствует,хорошо
муж,68,да,3139,0,0,1,плохо,отсутствует,отсутствует,плохо,хорошо
муж,29,да,1846,0,0,4,плохо,плохо,плохо,плохо,хорошо
жен,23,да,3929,1,1,4,плохо,хорошо,отсутствует,хорошо,хорошо
муж,36,да,3800,0,0,3,отсутствует,хорошо,хорошо,хорошо,отсутствует
жен,69,нет,2411,1,1,1,отсутствует,плохо,хорошо,отсутствует,отсутствует
жен,62,да,2624,0,1,5,хорошо,хорошо,плохо,плохо,плохо
жен,54,нет,1810,0,1,1,отсутствует,отсутствует,отсутствует,отсутствует,хорошо
жен,21,нет,1347,1,1,3,хорошо,отсутствует,отсутствует,отсутствует,хорошо
муж,19,да,639,0,1,5,плохо,плохо,плохо,отсутствует,отсутствует
жен,30,да,1171,0,0,5,плохо,хорошо,хорошо,хорошо,отсутствует
жен,89,да,4590,1,1,2,плохо,плохо,отсутствует,отсутствует,отсутствует
муж,51,нет,4927,0,0,5,хорошо,плохо,плохо,хорошо,отсутствует
жен,17,да,2538,1,0,3,хорошо,хорошо,хорошо,плохо,хорошо
муж,21,нет,4515,1,1,1,плохо,хорошо,плохо,отсутствует,хорошо
муж,21,нет,3107,1,1,2,плохо,плохо,хорошо,хорошо,плохо
муж,39,да,2827,0,0,5,хорошо,отсутствует,плохо,плохо,плохо
муж,45,да,4192,1,0,1,плохо,плохо,отсутствует,плохо,хорошо
муж,66,нет,337,0,1,2,хорошо,отсутствует,отсутствует,плохо,хорошо
жен,3,нет,3796,1,1,2,хорошо,плохо,отсутствует,отсутствует,хорошо
жен,69,нет,1065,1,1,3,хорошо,отсутствует,хорошо,плохо,хорошо
муж,66,да,3737,0,0,5,плохо,отсутствует,плохо,плохо,плохо
муж,10,нет,251,1,0,2,плохо,отсутствует,хорошо,хорошо,хорошо
жен,31,нет,2610,1,1,1,плохо,отсутствует,отсутствует,хорошо,хорошо
жен,82,да,2472,1,1,1,хорошо,плохо,плохо,хорошо,плохо
жен,84,нет,1665,0,0,4,отсутствует,хорошо,хорошо,хорошо,хорошо
муж,72,да,3038,1,1,3,отсутствует,хорошо,отсутствует,хорошо,плохо
муж,36,да,431,0,0,2,отсутствует,хорошо,плохо,отсутствует,хорошо
жен,50,нет,1696,1,1,2,хорошо,хорошо,хорошо,плохо,отсутствует
жен,27,нет,3807,1,0,3,отсутствует,хорошо,отсутствует,плохо,плохо
муж,38,нет,3958,0,1,5,отсутствует,отсутствует,отсутствует,хорошо,плохо
жен,67,нет,1770,0,1,2,хорошо,отсутствует,отсутствует,плохо,плохо
жен,36,да,636,1,0,2,отсутствует,отсутствует,плохо,хорошо,хорошо
жен,66,нет,1217,1,0,1,отсутствует,отсутствует,хорошо,отсутствует,плохо
муж,59,да,2599,1,1,1,плохо,хорошо,отсутствует,плохо,плохо
